-- Equipment 테이블에 5대의 장비 삽입
INSERT INTO Equipment (equipment_id, name, type, installation_date, manufacturer, model, status) VALUES
(1, '컨베이어 벨트 A', '컨베이어', '2020-01-15', 'ConveyTech', 'CT-100', '정상'),
(2, '산업용 로봇 B', '로봇', '2019-11-20', 'RoboWorks', 'RW-2000', '정상'),
(3, '프레스 기계 C', '프레스', '2018-07-03', 'PressMaster', 'PM-500', '점검 중'),
(4, '용접 로봇 D', '로봇', '2021-03-10', 'WeldPro', 'WP-300', '정상'),
(5, '포장 기계 E', '포장', '2017-09-22', 'PackagePro', 'PP-1000', '수리 중');

-- Failure_History 테이블에 고장 이력 삽입
INSERT INTO Failure_History (failure_id, equipment_id, failure_date, failure_type, description, downtime, repair_cost) VALUES
(1, 1, '2022-05-10', '기계적', '컨베이어 벨트 마모로 인한 정지', 4.5, 1500.00),
(2, 3, '2023-01-15', '전기적', '프레스 기계 모터 과열', 8.0, 3000.00),
(3, 2, '2022-11-20', '소프트웨어', '로봇 제어 시스템 오류', 2.0, 500.00),
(4, 5, '2023-03-05', '기계적', '포장 기계 롤러 파손', 12.0, 5000.00),
(5, 4, '2022-08-30', '전기적', '용접 로봇 전원 공급 장치 고장', 6.0, 2000.00),
(6, 1, '2023-06-18', '기계적', '컨베이어 베어링 마모', 3.5, 800.00),
(7, 2, '2023-04-22', '전기적', '로봇 서보 모터 고장', 5.0, 2500.00),
(8, 3, '2022-09-05', '유압', '프레스 유압 시스템 누출', 10.0, 4000.00),
(9, 4, '2023-02-14', '소프트웨어', '용접 패턴 프로그래밍 오류', 1.5, 300.00),
(10, 5, '2022-12-01', '센서', '포장 기계 근접 센서 오작동', 2.5, 600.00),
(11, 1, '2023-08-09', '전기적', '컨베이어 모터 과부하', 4.0, 1200.00),
(12, 2, '2022-07-30', '기계적', '로봇 그리퍼 변형', 3.0, 1500.00),
(13, 3, '2023-05-17', '전기적', '프레스 제어 패널 단락', 7.5, 3500.00),
(14, 4, '2022-10-11', '기계적', '용접 헤드 정렬 불량', 2.0, 1000.00),
(15, 5, '2023-07-03', '소프트웨어', '포장 기계 PLC 오류', 4.5, 1800.00),
(16, 1, '2022-11-28', '센서', '컨베이어 광전 센서 고장', 1.0, 400.00),
(17, 2, '2023-03-19', '유압', '로봇 유압 실린더 누출', 6.5, 2800.00),
(18, 3, '2022-08-22', '기계적', '프레스 금형 파손', 9.0, 7000.00),
(19, 4, '2023-06-30', '전기적', '용접기 고주파 발생기 고장', 8.5, 4500.00),
(20, 5, '2022-09-14', '기계적', '포장 기계 컷팅 날 마모', 3.0, 1000.00),
(21, 1, '2023-10-05', '전기적', '컨베이어 제어 보드 단락', 5.5, 2200.00),
(22, 2, '2023-09-12', '기계적', '로봇 암 조인트 마모', 4.0, 3000.00),
(23, 3, '2023-11-20', '유압', '프레스 유압 펌프 고장', 9.5, 4500.00),
(24, 4, '2023-08-17', '소프트웨어', '용접 로봇 경로 계산 오류', 2.5, 800.00),
(25, 5, '2023-10-30', '기계적', '포장 기계 실링 유닛 파손', 6.0, 2800.00),
(26, 1, '2023-12-03', '센서', '컨베이어 엔코더 고장', 3.0, 1000.00),
(27, 2, '2023-07-25', '전기적', '로봇 서보 드라이버 오류', 5.5, 2500.00),
(28, 3, '2023-10-18', '기계적', '프레스 램 가이드 마모', 7.0, 3500.00),
(29, 4, '2023-09-02', '전기적', '용접기 변압기 고장', 8.5, 4000.00),
(30, 5, '2023-11-15', '소프트웨어', '포장 기계 계량 시스템 오류', 3.5, 1200.00),
(31, 1, '2023-08-20', '기계적', '컨베이어 체인 파단', 6.5, 2800.00),
(32, 2, '2023-11-05', '센서', '로봇 위치 센서 오작동', 2.0, 900.00),
(33, 3, '2023-12-10', '전기적', '프레스 모터 과부하 보호장치 동작', 4.5, 1800.00),
(34, 4, '2023-07-30', '기계적', '용접 토치 냉각 시스템 누수', 3.0, 1500.00),
(35, 5, '2023-09-25', '기계적', '포장 기계 컷팅 블레이드 파손', 5.0, 2200.00),
(36, 1, '2023-11-28', '소프트웨어', '컨베이어 속도 제어 시스템 오류', 2.5, 800.00),
(37, 2, '2023-10-15', '유압', '로봇 그리퍼 유압 실린더 고장', 4.0, 1800.00),
(38, 3, '2023-08-05', '센서', '프레스 안전 광커튼 오작동', 3.5, 1200.00),
(39, 4, '2023-12-20', '전기적', '용접 로봇 전원 공급 불안정', 5.5, 2500.00),
(40, 5, '2023-07-10', '기계적', '포장 기계 컨베이어 벨트 파손', 7.0, 3000.00);

-- Maintenance_History 테이블에 정비 이력 삽입
INSERT INTO Maintenance_History (maintenance_id, equipment_id, failure_id, maintenance_date, maintenance_type, description, cost, technician) VALUES
(1, 1, 1, '2022-05-11', '사후정비', '컨베이어 벨트 교체', 2000.00, '김기술'),
(2, 3, 2, '2023-01-16', '사후정비', '프레스 기계 모터 수리 및 냉각 시스템 점검', 3500.00, '이정비'),
(3, 2, 3, '2022-11-21', '사후정비', '로봇 제어 시스템 소프트웨어 업데이트', 1000.00, '박엔지니어'),
(4, 5, 4, '2023-03-06', '사후정비', '포장 기계 롤러 교체 및 전반적 점검', 5500.00, '최수리'),
(5, 4, 5, '2022-08-31', '사후정비', '용접 로봇 전원 공급 장치 교체', 2500.00, '정전기'),
(6, 1, 6, '2023-06-19', '사후정비', '컨베이어 베어링 교체', 1200.00, '김기술'),
(7, 2, 7, '2023-04-23', '사후정비', '로봇 서보 모터 교체', 3000.00, '박엔지니어'),
(8, 3, 8, '2022-09-06', '사후정비', '프레스 유압 시스템 수리 및 누출 방지', 4500.00, '이정비'),
(9, 4, 9, '2023-02-15', '사후정비', '용접 패턴 프로그램 수정 및 테스트', 500.00, '정전기'),
(10, 5, 10, '2022-12-02', '사후정비', '포장 기계 근접 센서 교체', 800.00, '최수리'),
(11, 1, 11, '2023-08-10', '사후정비', '컨베이어 모터 수리 및 과부하 보호장치 설치', 1500.00, '김기술'),
(12, 2, 12, '2022-07-31', '사후정비', '로봇 그리퍼 교체 및 조정', 2000.00, '박엔지니어'),
(13, 3, 13, '2023-05-18', '사후정비', '프레스 제어 패널 수리 및 안전점검', 4000.00, '이정비'),
(14, 4, 14, '2022-10-12', '사후정비', '용접 헤드 정렬 조정', 1200.00, '정전기'),
(15, 5, 15, '2023-07-04', '사후정비', '포장 기계 PLC 프로그램 복구 및 백업', 2000.00, '최수리'),
(16, 1, 16, '2022-11-29', '사후정비', '컨베이어 광전 센서 교체', 600.00, '김기술'),
(17, 2, 17, '2023-03-20', '사후정비', '로봇 유압 실린더 교체 및 시스템 점검', 3200.00, '박엔지니어'),
(18, 3, 18, '2022-08-23', '사후정비', '프레스 금형 교체 및 정렬', 8000.00, '이정비'),
(19, 4, 19, '2023-07-01', '사후정비', '용접기 고주파 발생기 수리', 5000.00, '정전기'),
(20, 5, 20, '2022-09-15', '사후정비', '포장 기계 컷팅 날 교체 및 조정', 1200.00, '최수리'),
(21, 1, NULL, '2023-02-15', '예방정비', '컨베이어 벨트 장력 조정 및 윤활', 300.00, '김기술'),
(22, 2, NULL, '2023-03-20', '예방정비', '로봇 관절 윤활 및 백래시 점검', 400.00, '박엔지니어'),
(23, 3, NULL, '2023-04-10', '예방정비', '프레스 안전 가드 점검 및 조정', 250.00, '이정비'),
(24, 4, NULL, '2023-05-05', '예방정비', '용접 로봇 와이어 피더 청소 및 조정', 350.00, '정전기'),
(25, 5, NULL, '2023-06-01', '예방정비', '포장 기계 벨트 교체 및 텐션 조정', 500.00, '최수리'),
(26, 1, NULL, '2023-07-15', '예방정비', '컨베이어 모터 점검 및 베어링 윤활', 280.00, '김기술'),
(27, 2, NULL, '2023-08-20', '예방정비', '로봇 제어 캐비닛 필터 교체 및 청소', 200.00, '박엔지니어'),
(28, 3, NULL, '2023-09-10', '예방정비', '프레스 윤활 시스템 점검 및 오일 교체', 450.00, '이정비'),
(29, 4, NULL, '2023-10-05', '예방정비', '용접 토치 팁 교체 및 냉각 시스템 점검', 320.00, '정전기'),
(30, 5, NULL, '2023-11-01', '예방정비', '포장 기계 센서 캘리브레이션 및 테스트', 380.00, '최수리'),
(31, 1, NULL, '2022-12-15', '예방정비', '컨베이어 체인 점검 및 조정', 270.00, '김기술'),
(32, 2, NULL, '2022-01-20', '예방정비', '로봇 소프트웨어 업데이트 및 백업', 150.00, '박엔지니어'),
(33, 3, NULL, '2022-02-10', '예방정비', '프레스 전기 시스템 점검 및 단자 조임', 200.00, '이정비'),
(34, 4, NULL, '2022-03-05', '예방정비', '용접 로봇 케이블 점검 및 보호', 180.00, '정전기'),
(35, 5, NULL, '2022-04-01', '예방정비', '포장 기계 진공 시스템 점검 및 필터 교체', 300.00, '최수리'),
(36, 1, NULL, '2022-05-15', '예방정비', '컨베이어 롤러 점검 및 교체', 400.00, '김기술'),
(37, 2, NULL, '2022-06-20', '예방정비', '로봇 그리퍼 점검 및 조정', 250.00, '박엔지니어'),
(38, 3, NULL, '2022-07-10', '예방정비', '프레스 유압 오일 교체 및 필터 점검', 550.00, '이정비'),
(39, 4, NULL, '2022-08-05', '예방정비', '용접 품질 테스트 및 파라미터 최적화', 300.00, '정전기'),
(40, 5, NULL, '2022-09-01', '예방정비', '포장 기계 소프트웨어 업데이트 및 테스트', 200.00, '최수리'),
(41, 1, NULL, '2023-10-15', '예방정비', '컨베이어 안전 가드 점검 및 보수', 220.00, '김기술'),
(42, 2, NULL, '2023-11-20', '예방정비', '로봇 배터리 백업 시스템 점검', 180.00, '박엔지니어'),
(43, 3, NULL, '2023-12-10', '예방정비', '프레스 금형 세척 및 윤활', 350.00, '이정비'),
(44, 4, NULL, '2022-01-05', '예방정비', '용접 로봇 암 정렬 조정', 280.00, '정전기'),
(45, 5, NULL, '2022-02-01', '예방정비', '포장 기계 이송 시스템 점검 및 조정', 320.00, '최수리'),
(46, 1, NULL, '2022-03-15', '예방정비', '컨베이어 스프로킷 마모 점검 및 교체', 380.00, '김기술'),
(47, 2, NULL, '2022-04-20', '예방정비', '로봇 진동 분석 및 구조 점검', 420.00, '박엔지니어'),
(48, 3, NULL, '2022-05-10', '예방정비', '프레스 공압 시스템 누출 점검 및 수리', 300.00, '이정비'),
(49, 4, NULL, '2022-06-05', '예방정비', '용접 로봇 프로그램 최적화 및 백업', 250.00, '정전기'),
(50, 5, NULL, '2022-07-01', '예방정비', '포장 기계 마킹 시스템 점검 및 조정', 290.00, '최수리');