-- Equipment 데이터 삽입
INSERT INTO Equipment (equipment_id, name, type, installation_date, manufacturer, model, status) VALUES
(1, '컨베이어 벨트 A', '컨베이어', '2020-01-15', 'ConveyTech', 'CT-2000', '정상'),
(2, '산업용 펌프 B', '펌프', '2019-07-22', 'PumpMaster', 'PM-500', '정상'),
(3, '전기 모터 C', '모터', '2021-03-10', 'ElectroMotion', 'EM-750', '점검 중'),
(4, '프레스 기계 D', '프레스', '2018-11-05', 'PressCorp', 'PC-1000', '정상'),
(5, '용접 로봇 E', '로봇', '2022-05-18', 'WeldBot', 'WB-3000', '정상'),
(6, '크레인 F', '크레인', '2017-09-30', 'CraneMakers', 'CM-5000', '고장'),
(7, '밀링 머신 G', '밀링', '2020-12-03', 'MillTech', 'MT-200', '정상'),
(8, '포장 기계 H', '포장', '2021-08-14', 'PackPro', 'PP-100', '정상'),
(9, '산업용 보일러 I', '보일러', '2019-02-28', 'BoilMaster', 'BM-2000', '점검 중'),
(10, '냉각 시스템 J', '냉각', '2022-01-07', 'CoolTech', 'CT-500', '정상');

-- Failure_History 데이터 삽입
INSERT INTO Failure_History (failure_id, equipment_id, failure_date, failure_type, description, downtime, repair_cost) VALUES
(1, 1, '2022-03-15', '기계적', '컨베이어 벨트 마모로 인한 정지', 4.5, 1500.00),
(2, 1, '2023-01-10', '전기적', '모터 과열로 인한 벨트 정지', 2.0, 800.00),
(3, 2, '2021-09-05', '기계적', '펌프 임펠러 손상', 8.0, 3000.00),
(4, 3, '2022-11-20', '전기적', '모터 과부하로 인한 정지', 3.5, 1200.00),
(5, 4, '2023-02-28', '유압', '유압 시스템 누출', 6.0, 2500.00),
(6, 5, '2022-08-12', '소프트웨어', '제어 시스템 오류', 1.5, 500.00),
(7, 6, '2023-04-01', '기계적', '크레인 와이어 로프 파손', 12.0, 5000.00),
(8, 7, '2022-06-18', '전기적', '스핀들 모터 고장', 5.0, 2000.00),
(9, 8, '2023-03-10', '기계적', '포장 롤러 정렬 불량', 2.5, 900.00),
(10, 9, '2022-12-05', '기계적', '보일러 튜브 누설', 10.0, 4000.00),
(11, 10, '2023-05-20', '전기적', '냉각 시스템 센서 오류', 1.0, 300.00),
(12, 2, '2022-04-15', '기계적', '펌프 씰 파손으로 인한 누수', 3.0, 1000.00),
(13, 3, '2023-06-10', '전기적', '모터 베어링 과열', 4.0, 1500.00),
(14, 5, '2022-10-22', '기계적', '로봇 암 조인트 마모', 2.5, 1200.00),
(15, 7, '2023-07-05', '전기적', '밀링 머신 제어 패널 고장', 3.5, 1800.00),
(16, 1, '2023-09-20', '기계적', '컨베이어 롤러 베어링 고장', 3.0, 1200.00),
(17, 1, '2024-02-05', '전기적', '컨베이어 제어 패널 오류', 1.5, 600.00),
(18, 2, '2023-11-12', '기계적', '펌프 케이싱 균열', 9.0, 3500.00),
(19, 2, '2024-03-25', '전기적', '펌프 모터 과열 보호 장치 고장', 2.0, 800.00),
(20, 3, '2023-10-08', '기계적', '모터 샤프트 휨', 6.5, 2200.00),
(21, 3, '2024-01-17', '전기적', '모터 권선 절연 파괴', 8.0, 3000.00),
(22, 4, '2023-12-03', '유압', '유압 실린더 씰 파손', 4.0, 1500.00),
(23, 4, '2024-04-10', '전기적', '프레스 안전 센서 오작동', 1.0, 400.00),
(24, 5, '2023-11-28', '소프트웨어', '로봇 프로그래밍 오류', 2.0, 700.00),
(25, 5, '2024-02-14', '기계적', '로봇 그리퍼 고장', 3.5, 1300.00),
(26, 6, '2023-10-15', '전기적', '크레인 리미트 스위치 고장', 2.5, 900.00),
(27, 7, '2023-12-20', '기계적', '밀링 커터 파손', 1.5, 600.00),
(28, 7, '2024-03-05', '전기적', '밀링 머신 냉각 시스템 펌프 고장', 3.0, 1100.00),
(29, 8, '2023-11-05', '기계적', '포장기 실링 유닛 고장', 4.5, 1800.00),
(30, 8, '2024-01-30', '전기적', '포장기 컨베이어 모터 과부하', 2.0, 700.00),
(31, 9, '2023-12-10', '기계적', '보일러 버너 노즐 막힘', 3.0, 1000.00),
(32, 9, '2024-03-18', '전기적', '보일러 점화 시스템 고장', 5.0, 2000.00),
(33, 10, '2023-10-25', '기계적', '냉각탑 팬 모터 베어링 고장', 4.0, 1500.00),
(34, 10, '2024-02-08', '전기적', '냉각 시스템 제어 보드 오류', 2.5, 900.00),
(35, 1, '2024-05-10', '기계적', '컨베이어 프레임 변형', 5.5, 2200.00),
(36, 1, '2024-07-22', '전기적', '컨베이어 속도 제어 장치 고장', 3.0, 1100.00),
(37, 1, '2024-04-15', '기계적', '컨베이어 텐션 롤러 고착', 2.5, 900.00),
(38, 1, '2024-01-30', '전기적', '컨베이어 비상 정지 스위치 오작동', 1.0, 400.00),
(39, 1, '2024-01-05', '기계적', '컨베이어 체인 파손', 4.0, 1800.00),
(40, 2, '2024-06-18', '기계적', '펌프 임펠러 캐비테이션 손상', 7.0, 2800.00),
(41, 2, '2024-08-03', '전기적', '펌프 과부하 보호 릴레이 고장', 2.5, 950.00),
(42, 5, '2024-08-27', '소프트웨어', '로봇 경로 계획 알고리즘 오류', 3.5, 1300.00),
(43, 9, '2024-07-09', '기계적', '보일러 급수 펌프 고장', 6.0, 2500.00),
(44, 9, '2024-01-15', '전기적', '보일러 온도 조절기 오작동', 4.5, 1700.00);

-- Maintenance_History 데이터 삽입
INSERT INTO Maintenance_History (maintenance_id, equipment_id, failure_id, maintenance_date, maintenance_type, description, cost, technician) VALUES
(1, 1, 1, '2022-03-16', '사후정비', '컨베이어 벨트 교체 및 정렬 조정', 2000.00, '김기술'),
(2, 1, 2, '2023-01-11', '사후정비', '모터 냉각 시스템 점검 및 수리', 1000.00, '이정비'),
(3, 2, 3, '2021-09-06', '사후정비', '펌프 임펠러 교체 및 밸런싱', 3500.00, '박엔지니어'),
(4, 3, 4, '2022-11-21', '사후정비', '모터 과부하 보호장치 교체', 1500.00, '최수리'),
(5, 4, 5, '2023-03-01', '사후정비', '유압 시스템 씰 교체 및 누출 지점 보수', 3000.00, '정정비'),
(6, 5, 6, '2022-08-13', '사후정비', '로봇 제어 시스템 소프트웨어 업데이트', 800.00, '송프로그래머'),
(7, 6, 7, '2023-04-02', '사후정비', '크레인 와이어 로프 교체 및 윈치 점검', 5500.00, '강수리'),
(8, 7, 8, '2022-06-19', '사후정비', '밀링 머신 스핀들 모터 교체', 2500.00, '윤기술'),
(9, 8, 9, '2023-03-11', '사후정비', '포장기 롤러 교체 및 정렬', 1200.00, '임정비'),
(10, 9, 10, '2022-12-06', '사후정비', '보일러 튜브 교체 및 내부 세척', 4500.00, '한엔지니어'),
(11, 10, 11, '2023-05-21', '사후정비', '냉각 시스템 센서 교체 및 캘리브레이션', 500.00, '차수리'),
(12, 2, 12, '2022-04-16', '사후정비', '펌프 씰 교체 및 누수 지점 보수', 1500.00, '박엔지니어'),
(13, 3, 13, '2023-06-11', '사후정비', '모터 베어링 교체 및 윤활', 2000.00, '최수리'),
(14, 5, 14, '2022-10-23', '사후정비', '로봇 암 조인트 교체 및 조정', 1500.00, '송프로그래머'),
(15, 7, 15, '2023-07-06', '사후정비', '밀링 머신 제어 패널 수리 및 테스트', 2200.00, '윤기술'),
(16, 1, 16, '2023-09-21', '사후정비', '컨베이어 롤러 베어링 교체', 1500.00, '김기술'),
(17, 1, 17, '2024-02-06', '사후정비', '컨베이어 제어 패널 리셋 및 재프로그래밍', 800.00, '이정비'),
(18, 2, 18, '2023-11-13', '사후정비', '펌프 케이싱 용접 보수 및 테스트', 4000.00, '박엔지니어'),
(19, 2, 19, '2024-03-26', '사후정비', '펌프 모터 과열 보호 장치 교체 및 조정', 1200.00, '최수리'),
(20, 3, 20, '2023-10-09', '사후정비', '모터 샤프트 교체 및 정렬', 2700.00, '정정비'),
(21, 3, 21, '2024-01-18', '사후정비', '모터 권선 재권선 및 절연 처리', 3500.00, '강수리'),
(22, 4, 22, '2023-12-04', '사후정비', '유압 실린더 씰 교체 및 테스트', 2000.00, '윤기술'),
(23, 4, 23, '2024-04-11', '사후정비', '프레스 안전 센서 교체 및 캘리브레이션', 700.00, '임정비'),
(24, 5, 24, '2023-11-29', '사후정비', '로봇 프로그램 디버깅 및 최적화', 1000.00, '송프로그래머'),
(25, 5, 25, '2024-02-15', '사후정비', '로봇 그리퍼 교체 및 조정', 1600.00, '한엔지니어'),
(26, 6, 26, '2023-10-16', '사후정비', '크레인 리미트 스위치 교체 및 테스트', 1200.00, '차수리'),
(27, 7, 27, '2023-12-21', '사후정비', '밀링 커터 교체 및 장비 조정', 800.00, '김기술'),
(28, 7, 28, '2024-03-06', '사후정비', '밀링 머신 냉각 시스템 펌프 교체', 1400.00, '이정비'),
(29, 8, 29, '2023-11-06', '사후정비', '포장기 실링 유닛 교체 및 조정', 2200.00, '박엔지니어'),
(30, 8, 30, '2024-01-31', '사후정비', '포장기 컨베이어 모터 수리 및 과부하 보호 장치 조정', 1000.00, '최수리'),
(31, 9, 31, '2023-12-11', '사후정비', '보일러 버너 노즐 청소 및 교체', 1300.00, '정정비'),
(32, 9, 32, '2024-03-19', '사후정비', '보일러 점화 시스템 교체 및 테스트', 2500.00, '강수리'),
(33, 10, 33, '2023-10-26', '사후정비', '냉각탑 팬 모터 베어링 교체', 1800.00, '윤기술'),
(34, 10, 34, '2024-02-09', '사후정비', '냉각 시스템 제어 보드 교체 및 프로그래밍', 1200.00, '임정비'),
(35, 1, 35, '2024-05-11', '사후정비', '컨베이어 프레임 보강 및 정렬', 2700.00, '송프로그래머'),
(36, 1, 36, '2024-07-23', '사후정비', '컨베이어 속도 제어 장치 교체 및 조정', 1400.00, '한엔지니어'),
(37, 1, 37, '2024-04-16', '사후정비', '컨베이어 텐션 롤러 교체 및 조정', 1200.00, '차수리'),
(38, 1, 38, '2024-03-01', '사후정비', '컨베이어 비상 정지 스위치 교체 및 테스트', 600.00, '김기술'),
(39, 1, 39, '2024-01-06', '사후정비', '컨베이어 체인 교체 및 장력 조정', 2200.00, '이정비'),
(40, 2, 40, '2024-06-19', '사후정비', '펌프 임펠러 교체 및 케이싱 검사', 3300.00, '박엔지니어'),
(41, 2, 41, '2024-08-04', '사후정비', '펌프 과부하 보호 릴레이 교체 및 테스트', 1200.00, '최수리'),
(42, 5, 42, '2024-08-28', '사후정비', '로봇 소프트웨어 업데이트 및 경로 재설정', 1600.00, '정정비'),
(43, 9, 43, '2024-07-10', '사후정비', '보일러 급수 펌프 교체 및 배관 점검', 3000.00, '강수리'),
(44, 9, 44, '2024-01-16', '사후정비', '보일러 온도 조절기 교체 및 캘리브레이션', 2000.00, '윤기술'),
(45, 1, NULL, '2023-06-15', '예방정비', '컨베이어 벨트 정기 점검 및 윤활', 500.00, '김기술'),
(46, 2, NULL, '2023-08-20', '예방정비', '펌프 베어링 윤활 및 얼라인먼트 검사', 600.00, '박엔지니어'),
(47, 3, NULL, '2023-07-05', '예방정비', '모터 정기 점검 및 절연 저항 측정', 400.00, '최수리'),
(48, 4, NULL, '2023-09-10', '예방정비', '프레스 기계 유압 시스템 정기 점검', 700.00, '정정비'),
(49, 5, NULL, '2023-10-01', '예방정비', '용접 로봇 정기 캘리브레이션 및 소프트웨어 업데이트', 800.00, '송프로그래머'),
(50, 6, NULL, '2023-11-15', '예방정비', '크레인 와이어 로프 및 후크 정기 검사', 550.00, '강수리');
